<!-- [ Mirror metadata ] generatedAt: 1459238185907 -->
<!-- Generated screen file. Fill the id tags below with content with
which to populate your previewed layout. For a complete specification
of sample data, please see http://jimulabs.com/sample-data-specifications/ 

Valid attributes on <screen> tag: theme="@style/someTheme" inEditMode="false" overlay="@drawable/mockup" -->
<screen>
    <actionbar showTabsFor="@id/pager"/>
    <_content layout="@layout/budgetmain">
        <!-- ImageView Examples:
        <btATMenu src="@drawable/image_resource" />
        <btATMenu src="relative_path/image.jpg" /> -->
        <btATMenu />
        <!-- TextView Examples:
        <tvATTitle text="@string/string_resource" />
        <tvATTitle text="Text literal" textSize="14sp" /> -->
        <tvATTitle />
        <pager>
            <!-- Add pages to your ViewPager here like so:
            <_page title="page title" icon="@drawable/my_icon"/>
            <_page layout="@layout/my_page_layout">
                <my_image_view src="@drawable/my_image"/>
            </_page>
            -->
        </pager>
    </_content>
</screen>
