<!-- [ Mirror metadata ] generatedAt: 1459238185305 -->
<!-- Generated screen file. Fill the id tags below with content with
which to populate your previewed layout. For a complete specification
of sample data, please see http://jimulabs.com/sample-data-specifications/ 

Valid attributes on <screen> tag: theme="@style/someTheme" inEditMode="false" overlay="@drawable/mockup" -->
<screen>
    <_content layout="@layout/check_box_filter">
        <!-- TextView Examples:
        <tvATTitle text="@string/string_resource" />
        <tvATTitle text="Text literal" textSize="14sp" /> -->
        <tvATTitle />
        <android-list>
            <items layout="@android:layout/simple_list_item_1" >
                <_item>
                    <text1>Apple</text1>
                </_item>
                <_item>
                    <text1>Orange</text1>
                </_item>
                <_item>
                    <text1>Pear</text1>
                </_item>
                <_item>
                    <text1>Grapefruit</text1>
                </_item>
                <_item>
                    <text1>Banana</text1>
                </_item>
                <_item>
                    <text1>Lemon</text1>
                </_item>
                <_item>
                    <text1>Carrot</text1>
                </_item>
            </items>
                </android-list>
    </_content>
</screen>
