<!-- [ Mirror metadata ] generatedAt: 1459238186092 -->
<!-- Generated screen file. Fill the id tags below with content with
which to populate your previewed layout. For a complete specification
of sample data, please see http://jimulabs.com/sample-data-specifications/ 

Valid attributes on <screen> tag: theme="@style/someTheme" inEditMode="false" overlay="@drawable/mockup" -->
<screen>
    <_content layout="@layout/currratesedit">
        <!-- TextView Examples:
        <tvATTitle text="@string/string_resource" />
        <tvATTitle text="Text literal" textSize="14sp" /> -->
        <tvATTitle />
        <lbCurrRatesFrom />
        <lbCurrRatesTo />
        <lbCurrRatesRate />
        <lbCurrRatesDate />
    </_content>
</screen>
