<!-- [ Mirror metadata ] generatedAt: 1459238185339 -->
<!-- Generated screen file. Fill the id tags below with content with
which to populate your previewed layout. For a complete specification
of sample data, please see http://jimulabs.com/sample-data-specifications/ 

Valid attributes on <screen> tag: theme="@style/someTheme" inEditMode="false" overlay="@drawable/mockup" -->
<screen>
    <_content layout="@layout/currency_rates_row">
        <!-- TextView Examples:
        <lbCRFirstSign text="@string/string_resource" />
        <lbCRFirstSign text="Text literal" textSize="14sp" /> -->
        <lbCRFirstSign />
        <lbCRSign />
        <lbCRSecondSign />
        <lbCRValue />
        <lbCRRateDate />
    </_content>
</screen>
