<!-- [ Mirror metadata ] generatedAt: 1459238186098 -->
<!-- Generated screen file. Fill the id tags below with content with
which to populate your previewed layout. For a complete specification
of sample data, please see http://jimulabs.com/sample-data-specifications/ 

Valid attributes on <screen> tag: theme="@style/someTheme" inEditMode="false" overlay="@drawable/mockup" -->
<screen>
    <_content layout="@layout/debtsedit">
        <!-- TextView Examples:
        <tvATTitle text="@string/string_resource" />
        <tvATTitle text="Text literal" textSize="14sp" /> -->
        <tvATTitle />
        <lbDebTransDate />
        <lbDebAmount />
        <lbDebCurrency />
        <lbDebDesciption />
        <lbDebReturnDate />
        <lbDebRemind />
    </_content>
</screen>
