<!-- [ Mirror metadata ] generatedAt: 1459238185420 -->
<!-- Generated screen file. Fill the id tags below with content with
which to populate your previewed layout. For a complete specification
of sample data, please see http://jimulabs.com/sample-data-specifications/ 

Valid attributes on <screen> tag: theme="@style/someTheme" inEditMode="false" overlay="@drawable/mockup" -->
<screen>
    <_content layout="@layout/group_budget_comp_row">
        <!-- TextView Examples:
        <tvCategory text="@string/string_resource" />
        <tvCategory text="Text literal" textSize="14sp" /> -->
        <tvCategory />
        <tvCurrentValue />
        <tvLastMonth />
        <tvLastMonthValue />
        <tvAverage />
        <tvAverageValue />
        <!-- ImageView Examples:
        <img_status src="@drawable/image_resource" />
        <img_status src="relative_path/image.jpg" /> -->
        <img_status />
    </_content>
</screen>
