<!-- [ Mirror metadata ] generatedAt: 1459238185980 -->
<!-- Generated screen file. Fill the id tags below with content with
which to populate your previewed layout. For a complete specification
of sample data, please see http://jimulabs.com/sample-data-specifications/ 

Valid attributes on <screen> tag: theme="@style/someTheme" inEditMode="false" overlay="@drawable/mockup" -->
<screen>
    <_content layout="@layout/listtransactionrow">
        <!-- TextView Examples:
        <ltTrDate text="@string/string_resource" />
        <ltTrDate text="Text literal" textSize="14sp" /> -->
        <ltTrDate />
        <ltTrAmount />
        <ltTrCategory />
        <ltTrBalance />
        <ltTrDescription />
        <ltTrAccount />
    </_content>
</screen>
