<!-- [ Mirror metadata ] generatedAt: 1459238186131 -->
<!-- Generated screen file. Fill the id tags below with content with
which to populate your previewed layout. For a complete specification
of sample data, please see http://jimulabs.com/sample-data-specifications/ 

Valid attributes on <screen> tag: theme="@style/someTheme" inEditMode="false" overlay="@drawable/mockup" -->
<screen>
    <_content layout="@layout/listrptransrow">
        <!-- TextView Examples:
        <ltRpAmount text="@string/string_resource" />
        <ltRpAmount text="Text literal" textSize="14sp" /> -->
        <ltRpAmount />
        <ltRpType />
        <ltRpAccounts />
        <ltRpCategory />
        <ltRpDescription />
        <ltRpDate />
        <ltRpLatest />
    </_content>
</screen>
