<!-- [ Mirror metadata ] generatedAt: 1459238186137 -->
<!-- Generated screen file. Fill the id tags below with content with
which to populate your previewed layout. For a complete specification
of sample data, please see http://jimulabs.com/sample-data-specifications/ 

Valid attributes on <screen> tag: theme="@style/someTheme" inEditMode="false" overlay="@drawable/mockup" -->
<screen>
    <_content layout="@layout/listtransferrow">
        <!-- TextView Examples:
        <ltTfDescription text="@string/string_resource" />
        <ltTfDescription text="Text literal" textSize="14sp" /> -->
        <ltTfDescription />
        <ltTfAmount />
        <ltTfAccounts />
        <ltTfType />
        <ltTfDate />
        <ltTfLatest />
    </_content>
</screen>
